{"cameraMode":{"drawMode":31,"name":"Sprite Mask","section":"Miscellaneous"},"sceneLighting":true,"audioPlay":false,"sceneViewState":{"showFog":true,"showMaterialUpdate":false,"showSkybox":true,"showFlares":true,"showImageEffects":true,"showParticleSystems":true},"in2DMode":false,"pivot":{"x":-0.030643939971923829,"y":-0.7231146693229675,"z":-0.531897246837616},"rotation":{"x":-0.06617801636457443,"y":0.9322487711906433,"z":-0.27800196409225466,"w":-0.22192071378231049},"size":2.066416025161743,"orthographic":false}