{"cameraMode":{"drawMode":31,"name":"Sprite Mask","section":"Miscellaneous"},"sceneLighting":false,"audioPlay":false,"sceneViewState":{"showFog":true,"showMaterialUpdate":false,"showSkybox":false,"showFlares":true,"showImageEffects":true,"showParticleSystems":true},"in2DMode":false,"pivot":{"x":-0.030643939971923829,"y":-0.7231147289276123,"z":-0.5318973064422607},"rotation":{"x":-0.06617801636457443,"y":0.9322487711906433,"z":-0.27800196409225466,"w":-0.22192071378231049},"size":0.8660253882408142,"orthographic":false}