{"cameraMode":{"drawMode":31,"name":"Sprite Mask","section":"Miscellaneous"},"sceneLighting":true,"audioPlay":false,"sceneViewState":{"m_AlwaysRefresh":false,"showFog":true,"showSkybox":true,"showFlares":true,"showImageEffects":true,"showParticleSystems":true,"showVisualEffectGraphs":true,"m_FxEnabled":true},"in2DMode":false,"pivot":{"x":0.7087743282318115,"y":0.4537298083305359,"z":101.2236099243164},"rotation":{"x":0.01649106666445732,"y":-0.031490594148635867,"z":0.0005196179263293743,"w":0.99936842918396},"size":8.045389175415039,"orthographic":false}